{
    "Wallets": {
        "DOGE": "DLF1WU9GBQ1CLisrwsePjUntFGgBGS2FR7",
        "BTC": "3Nd2J4kify6iXeEnmqAeiZYzeuhwEwJ14S",
        "LTC": "MQ8DE45t4K6CZhiYxHsw3J2bBaG26xfU9r"
    },
    "Tokens": {
        "BlockCypher": "ebb5dc7ed49348359ba01ba7840bc577",
        "Qiwi": "9cc2af85fe36ff048713fe767162e2c9",
        "Tg_Token": "1642386679:AAHwsU2ANqdAf2_od8EnUyi7RKrFoiUEQZs",
        "Qiwi_phone": "79254461928"
    },
    "Secrets": {
        "DOGE": "6JiJKn69u97Lnepwf3dxRAYJpLGXp6Z4nsbU8zrao1FJaEmumfP",
        "BTC": "",
        "LTC": "",
        "ETH": ""
    },
    "Email": {
        "email": "cbbot.telegram@yahoo.com",
        "password": "vtkqjaxajoldjnmk"
    }
}