{
  "str_phrases": {
    "code_sent": "Код выслан вам на почту!\nНе забудьте проверить папку 'спам'",
    "no_email": "После /email введите вашу почту!",
    "invalid_email": "Такого адреса не сущесвует!\nПроверьте правильность написания",
    "not_full_email": "Введите адрес почты полностью!",
    "no_code": "Не был введён код. Верификация отклонена.",
    "invalid_code": "Неверный код! Верификация отклонена.",
    "send_me_email": "Введи и отправь сообщение с адресом своей электронной почты!",
    "already_registered ": "Вы уже зарегистрированы в нашей системе!",
    "no_account": "Вы не зарегистрированы в нашей системе :confused:!\nНо это легко исправить! Нужно всего лишь... /create",
    "mail_not_specified": "Вы ещё не ввели email для отправки кода!",
    "send_code_next": "В следующем сообщении введи код.",
    "this_mail_used": "На этот адрес почты уже зарегистрирован аккаунт!",
    "correct_number": "Правильный номер телефона!\nТеперь выберете криптовалюту, которую хотите приобрести:",
    "pls_choose_available": "Пожалуйста, выбирайте из предложенных вариантов.",
    "just_number": "Пожалуйста, введите число(без текста).",
    "so_poor": "Извините, на данный момент мы не распологаем такими средствами :(",
    "not_logged": "К сожалению, у вас ещё нет аккаунта :(\nНо это легко исправить, следуя инструкциям на клавиатуре бота ниже.",
    "is_logged": "Отлично, у вас есть аккаунт!\nДоступные вам операции на клавиатуре бота внизу:",
    "send_wallet_next": "В следующем сообщении пришлите номер кошелька!\n(Будет проведена проверка на существование кошелька)",
    "send_wallet_variant": "Теперь выберите, что вы хотите сделать:",
    "invalid_wallet": "Этот кошелёк не существует или введён неправильно.",
    "wallet_ok": "Кошелёк прошёл проверку и успешно занесён в базу данных.",
    "u_need_account": "Для операции необходимо зарегистрироваться!",
    "tx_sent": "Транзакция отправлена!"
  },
  "list_phrases": {
    "code_success": [
      "Правильный код! Ваш e-mail зашифрован и внесён в базу данных.",
      "Теперь вы можете:",
      "① Привязать кошельки криптовалют к аккаунту(доступные валюты: Bitcoin, Litecoin, Ethereum, Dogecoin)",
      "② Привязать к аккаунту платёжные реквизиты"
    ],
    "help_message": [
      "Помощь уже тут! Вот, что я могу:",
      "/create - создать аккаунт в системе CBbot",
      "/account - информация о твоём аккаунте",
      "/graph - запустить процесс построения графика",
      "/price -  курс криптовалюты к обычной"
    ],
    "creating_msg": [
      "Вы решили создать аккаунт? Отлично! Вот доступные шаги:",
      "Нажмите кнопку на клавиатуре Telegram и начните привязку почты!",
      "(никаких рассылок не будет)"
    ],
    "start_buying": [
      "Выберите криптовалюту из предложенных, а затем количество"
    ]
  }
}